pageID,pageUrl,path,url,gitItemPath,Reviewer,Review Date
,?pageID=,,,,,
81847,https://supportability.visualstudio.com/11be99a2-2d90-4011-81f9-dad05881076b/_wiki/wikis?pageID=81847,/Office365 Identity/ADFS/ADFS A_Sample_of_a_failed_ADFS_token_issuance,https://supportability.visualstudio.com/11be99a2-2d90-4011-81f9-dad05881076b/_apis/wiki/wikis/0018a240-b8e6-47d2-a0ab-748455db5cc9/pages/%2FOffice365%20Identity%2FADFS%2FADFS%20A_Sample_of_a_failed_ADFS_token_issuance,/WikiContent/Office365-Identity/ADFS/ADFS-A_Sample_of_a_failed_ADFS_token_issuance.md,,
81848,https://supportability.visualstudio.com/11be99a2-2d90-4011-81f9-dad05881076b/_wiki/wikis?pageID=81848,/Office365 Identity/ADFS/ADFS A_Sample_of_a_successful_ADFS_token_issuance,https://supportability.visualstudio.com/11be99a2-2d90-4011-81f9-dad05881076b/_apis/wiki/wikis/0018a240-b8e6-47d2-a0ab-748455db5cc9/pages/%2FOffice365%20Identity%2FADFS%2FADFS%20A_Sample_of_a_successful_ADFS_token_issuance,/WikiContent/Office365-Identity/ADFS/ADFS-A_Sample_of_a_successful_ADFS_token_issuance.md,,
81849,https://supportability.visualstudio.com/11be99a2-2d90-4011-81f9-dad05881076b/_wiki/wikis?pageID=81849,/Office365 Identity/ADFS/ADFS A_Sample_of_communication_error_between_WAP_and_ADFS_server,https://supportability.visualstudio.com/11be99a2-2d90-4011-81f9-dad05881076b/_apis/wiki/wikis/0018a240-b8e6-47d2-a0ab-748455db5cc9/pages/%2FOffice365%20Identity%2FADFS%2FADFS%20A_Sample_of_communication_error_between_WAP_and_ADFS_server,/WikiContent/Office365-Identity/ADFS/ADFS-A_Sample_of_communication_error_between_WAP_and_ADFS_server.md,,
81850,https://supportability.visualstudio.com/11be99a2-2d90-4011-81f9-dad05881076b/_wiki/wikis?pageID=81850,/Office365 Identity/ADFS/ADFS A_Sample_of_successful_WAP_communication_to_ADFS,https://supportability.visualstudio.com/11be99a2-2d90-4011-81f9-dad05881076b/_apis/wiki/wikis/0018a240-b8e6-47d2-a0ab-748455db5cc9/pages/%2FOffice365%20Identity%2FADFS%2FADFS%20A_Sample_of_successful_WAP_communication_to_ADFS,/WikiContent/Office365-Identity/ADFS/ADFS-A_Sample_of_successful_WAP_communication_to_ADFS.md,,
81851,https://supportability.visualstudio.com/11be99a2-2d90-4011-81f9-dad05881076b/_wiki/wikis?pageID=81851,/Office365 Identity/ADFS/ADFS A_Subset_of_users_get_a_503_due_to_blocked_IPs,https://supportability.visualstudio.com/11be99a2-2d90-4011-81f9-dad05881076b/_apis/wiki/wikis/0018a240-b8e6-47d2-a0ab-748455db5cc9/pages/%2FOffice365%20Identity%2FADFS%2FADFS%20A_Subset_of_users_get_a_503_due_to_blocked_IPs,/WikiContent/Office365-Identity/ADFS/ADFS-A_Subset_of_users_get_a_503_due_to_blocked_IPs.md,,
81852,https://supportability.visualstudio.com/11be99a2-2d90-4011-81f9-dad05881076b/_wiki/wikis?pageID=81852,/Office365 Identity/ADFS/ADFS A_Subset_of_users_get_a_503_due_to_blocked_TLS_versions,https://supportability.visualstudio.com/11be99a2-2d90-4011-81f9-dad05881076b/_apis/wiki/wikis/0018a240-b8e6-47d2-a0ab-748455db5cc9/pages/%2FOffice365%20Identity%2FADFS%2FADFS%20A_Subset_of_users_get_a_503_due_to_blocked_TLS_versions,/WikiContent/Office365-Identity/ADFS/ADFS-A_Subset_of_users_get_a_503_due_to_blocked_TLS_versions.md,,
81853,https://supportability.visualstudio.com/11be99a2-2d90-4011-81f9-dad05881076b/_wiki/wikis?pageID=81853,/Office365 Identity/ADFS/ADFS Debug_Tracing,https://supportability.visualstudio.com/11be99a2-2d90-4011-81f9-dad05881076b/_apis/wiki/wikis/0018a240-b8e6-47d2-a0ab-748455db5cc9/pages/%2FOffice365%20Identity%2FADFS%2FADFS%20Debug_Tracing,/WikiContent/Office365-Identity/ADFS/ADFS-Debug_Tracing.md,,
81854,https://supportability.visualstudio.com/11be99a2-2d90-4011-81f9-dad05881076b/_wiki/wikis?pageID=81854,/Office365 Identity/ADFS/ADFS Finding_the_IP_for_an_Active_Token_Request,https://supportability.visualstudio.com/11be99a2-2d90-4011-81f9-dad05881076b/_apis/wiki/wikis/0018a240-b8e6-47d2-a0ab-748455db5cc9/pages/%2FOffice365%20Identity%2FADFS%2FADFS%20Finding_the_IP_for_an_Active_Token_Request,/WikiContent/Office365-Identity/ADFS/ADFS-Finding_the_IP_for_an_Active_Token_Request.md,,
81855,https://supportability.visualstudio.com/11be99a2-2d90-4011-81f9-dad05881076b/_wiki/wikis?pageID=81855,/Office365 Identity/ADFS/ADFS Flowchart_ADFS_Auditing,https://supportability.visualstudio.com/11be99a2-2d90-4011-81f9-dad05881076b/_apis/wiki/wikis/0018a240-b8e6-47d2-a0ab-748455db5cc9/pages/%2FOffice365%20Identity%2FADFS%2FADFS%20Flowchart_ADFS_Auditing,/WikiContent/Office365-Identity/ADFS/ADFS-Flowchart_ADFS_Auditing.md,,
81856,https://supportability.visualstudio.com/11be99a2-2d90-4011-81f9-dad05881076b/_wiki/wikis?pageID=81856,/Office365 Identity/ADFS/ADFS Flowchart_Check_Services_and_Events,https://supportability.visualstudio.com/11be99a2-2d90-4011-81f9-dad05881076b/_apis/wiki/wikis/0018a240-b8e6-47d2-a0ab-748455db5cc9/pages/%2FOffice365%20Identity%2FADFS%2FADFS%20Flowchart_Check_Services_and_Events,/WikiContent/Office365-Identity/ADFS/ADFS-Flowchart_Check_Services_and_Events.md,,
81857,https://supportability.visualstudio.com/11be99a2-2d90-4011-81f9-dad05881076b/_wiki/wikis?pageID=81857,/Office365 Identity/ADFS/ADFS Flowchart_Using_Fiddler_to_Check_ADFS_Token,https://supportability.visualstudio.com/11be99a2-2d90-4011-81f9-dad05881076b/_apis/wiki/wikis/0018a240-b8e6-47d2-a0ab-748455db5cc9/pages/%2FOffice365%20Identity%2FADFS%2FADFS%20Flowchart_Using_Fiddler_to_Check_ADFS_Token,/WikiContent/Office365-Identity/ADFS/ADFS-Flowchart_Using_Fiddler_to_Check_ADFS_Token.md,,
81858,https://supportability.visualstudio.com/11be99a2-2d90-4011-81f9-dad05881076b/_wiki/wikis?pageID=81858,/Office365 Identity/ADFS/ADFS How_to_replace_the_SSL_certificate_used_by_ADFS,https://supportability.visualstudio.com/11be99a2-2d90-4011-81f9-dad05881076b/_apis/wiki/wikis/0018a240-b8e6-47d2-a0ab-748455db5cc9/pages/%2FOffice365%20Identity%2FADFS%2FADFS%20How_to_replace_the_SSL_certificate_used_by_ADFS,/WikiContent/Office365-Identity/ADFS/ADFS-How_to_replace_the_SSL_certificate_used_by_ADFS.md,,
81859,https://supportability.visualstudio.com/11be99a2-2d90-4011-81f9-dad05881076b/_wiki/wikis?pageID=81859,/Office365 Identity/ADFS/ADFS Incorrectly_returns_a_503_post_password_change,https://supportability.visualstudio.com/11be99a2-2d90-4011-81f9-dad05881076b/_apis/wiki/wikis/0018a240-b8e6-47d2-a0ab-748455db5cc9/pages/%2FOffice365%20Identity%2FADFS%2FADFS%20Incorrectly_returns_a_503_post_password_change,/WikiContent/Office365-Identity/ADFS/ADFS-Incorrectly_returns_a_503_post_password_change.md,,
81860,https://supportability.visualstudio.com/11be99a2-2d90-4011-81f9-dad05881076b/_wiki/wikis?pageID=81860,/Office365 Identity/ADFS/ADFS Logon_Issues,https://supportability.visualstudio.com/11be99a2-2d90-4011-81f9-dad05881076b/_apis/wiki/wikis/0018a240-b8e6-47d2-a0ab-748455db5cc9/pages/%2FOffice365%20Identity%2FADFS%2FADFS%20Logon_Issues,/WikiContent/Office365-Identity/ADFS/ADFS-Logon_Issues.md,,
81861,https://supportability.visualstudio.com/11be99a2-2d90-4011-81f9-dad05881076b/_wiki/wikis?pageID=81861,/Office365 Identity/ADFS/ADFS Running_the_Identity_Consistency_Checker,https://supportability.visualstudio.com/11be99a2-2d90-4011-81f9-dad05881076b/_apis/wiki/wikis/0018a240-b8e6-47d2-a0ab-748455db5cc9/pages/%2FOffice365%20Identity%2FADFS%2FADFS%20Running_the_Identity_Consistency_Checker,/WikiContent/Office365-Identity/ADFS/ADFS-Running_the_Identity_Consistency_Checker.md,,
81862,https://supportability.visualstudio.com/11be99a2-2d90-4011-81f9-dad05881076b/_wiki/wikis?pageID=81862,/Office365 Identity/ADFS/ADFS Success_and_Failure_Auditing,https://supportability.visualstudio.com/11be99a2-2d90-4011-81f9-dad05881076b/_apis/wiki/wikis/0018a240-b8e6-47d2-a0ab-748455db5cc9/pages/%2FOffice365%20Identity%2FADFS%2FADFS%20Success_and_Failure_Auditing,/WikiContent/Office365-Identity/ADFS/ADFS-Success_and_Failure_Auditing.md,,
81863,https://supportability.visualstudio.com/11be99a2-2d90-4011-81f9-dad05881076b/_wiki/wikis?pageID=81863,/Office365 Identity/ADFS/ADFS Testing_The_ADFS_Endpoint_Manually,https://supportability.visualstudio.com/11be99a2-2d90-4011-81f9-dad05881076b/_apis/wiki/wikis/0018a240-b8e6-47d2-a0ab-748455db5cc9/pages/%2FOffice365%20Identity%2FADFS%2FADFS%20Testing_The_ADFS_Endpoint_Manually,/WikiContent/Office365-Identity/ADFS/ADFS-Testing_The_ADFS_Endpoint_Manually.md,,
81864,https://supportability.visualstudio.com/11be99a2-2d90-4011-81f9-dad05881076b/_wiki/wikis?pageID=81864,/Office365 Identity/ADFS/ADFS Token_Lifetimes,https://supportability.visualstudio.com/11be99a2-2d90-4011-81f9-dad05881076b/_apis/wiki/wikis/0018a240-b8e6-47d2-a0ab-748455db5cc9/pages/%2FOffice365%20Identity%2FADFS%2FADFS%20Token_Lifetimes,/WikiContent/Office365-Identity/ADFS/ADFS-Token_Lifetimes.md,,
81865,https://supportability.visualstudio.com/11be99a2-2d90-4011-81f9-dad05881076b/_wiki/wikis?pageID=81865,/Office365 Identity/ADFS/ADFS Tracing_and_Analyzing_Modern_Authentication,https://supportability.visualstudio.com/11be99a2-2d90-4011-81f9-dad05881076b/_apis/wiki/wikis/0018a240-b8e6-47d2-a0ab-748455db5cc9/pages/%2FOffice365%20Identity%2FADFS%2FADFS%20Tracing_and_Analyzing_Modern_Authentication,/WikiContent/Office365-Identity/ADFS/ADFS-Tracing_and_Analyzing_Modern_Authentication.md,,
81866,https://supportability.visualstudio.com/11be99a2-2d90-4011-81f9-dad05881076b/_wiki/wikis?pageID=81866,/Office365 Identity/ADFS/ADFS Troubleshooting_Considerations,https://supportability.visualstudio.com/11be99a2-2d90-4011-81f9-dad05881076b/_apis/wiki/wikis/0018a240-b8e6-47d2-a0ab-748455db5cc9/pages/%2FOffice365%20Identity%2FADFS%2FADFS%20Troubleshooting_Considerations,/WikiContent/Office365-Identity/ADFS/ADFS-Troubleshooting_Considerations.md,,
81867,https://supportability.visualstudio.com/11be99a2-2d90-4011-81f9-dad05881076b/_wiki/wikis?pageID=81867,/Office365 Identity/ADFS/ADFS Understanding_Federated_authentication_for_Outlook_on_the_Web_Access_in_Microsoft_Office_365,https://supportability.visualstudio.com/11be99a2-2d90-4011-81f9-dad05881076b/_apis/wiki/wikis/0018a240-b8e6-47d2-a0ab-748455db5cc9/pages/%2FOffice365%20Identity%2FADFS%2FADFS%20Understanding_Federated_authentication_for_Outlook_on_the_Web_Access_in_Microsoft_Office_365,/WikiContent/Office365-Identity/ADFS/ADFS-Understanding_Federated_authentication_for_Outlook_on_the_Web_Access_in_Microsoft_Office_365.md,,
81868,https://supportability.visualstudio.com/11be99a2-2d90-4011-81f9-dad05881076b/_wiki/wikis?pageID=81868,/Office365 Identity/ADFS/ADFS WAP_Debug_Tracing,https://supportability.visualstudio.com/11be99a2-2d90-4011-81f9-dad05881076b/_apis/wiki/wikis/0018a240-b8e6-47d2-a0ab-748455db5cc9/pages/%2FOffice365%20Identity%2FADFS%2FADFS%20WAP_Debug_Tracing,/WikiContent/Office365-Identity/ADFS/ADFS-WAP_Debug_Tracing.md,,
81869,https://supportability.visualstudio.com/11be99a2-2d90-4011-81f9-dad05881076b/_wiki/wikis?pageID=81869,/Office365 Identity/ADFS/ActiveVsPassive_Auth,https://supportability.visualstudio.com/11be99a2-2d90-4011-81f9-dad05881076b/_apis/wiki/wikis/0018a240-b8e6-47d2-a0ab-748455db5cc9/pages/%2FOffice365%20Identity%2FADFS%2FActiveVsPassive_Auth,/WikiContent/Office365-Identity/ADFS/ActiveVsPassive_Auth.md,,
81870,https://supportability.visualstudio.com/11be99a2-2d90-4011-81f9-dad05881076b/_wiki/wikis?pageID=81870,/Office365 Identity/ADFS/Controlling_Client_Access_to_Office_365,https://supportability.visualstudio.com/11be99a2-2d90-4011-81f9-dad05881076b/_apis/wiki/wikis/0018a240-b8e6-47d2-a0ab-748455db5cc9/pages/%2FOffice365%20Identity%2FADFS%2FControlling_Client_Access_to_Office_365,/WikiContent/Office365-Identity/ADFS/Controlling_Client_Access_to_Office_365.md,,
81871,https://supportability.visualstudio.com/11be99a2-2d90-4011-81f9-dad05881076b/_wiki/wikis?pageID=81871,/Office365 Identity/ADFS/EXO Identity_Emerging_Issues,https://supportability.visualstudio.com/11be99a2-2d90-4011-81f9-dad05881076b/_apis/wiki/wikis/0018a240-b8e6-47d2-a0ab-748455db5cc9/pages/%2FOffice365%20Identity%2FADFS%2FEXO%20Identity_Emerging_Issues,/WikiContent/Office365-Identity/ADFS/EXO-Identity_Emerging_Issues.md,,
81872,https://supportability.visualstudio.com/11be99a2-2d90-4011-81f9-dad05881076b/_wiki/wikis?pageID=81872,/Office365 Identity/ADFS/Email and UPN do not belong to the same namespace,https://supportability.visualstudio.com/11be99a2-2d90-4011-81f9-dad05881076b/_apis/wiki/wikis/0018a240-b8e6-47d2-a0ab-748455db5cc9/pages/%2FOffice365%20Identity%2FADFS%2FEmail%20and%20UPN%20do%20not%20belong%20to%20the%20same%20namespace,/WikiContent/Office365-Identity/ADFS/Email-and-UPN-do-not-belong-to-the-same-namespace.md,,
81873,https://supportability.visualstudio.com/11be99a2-2d90-4011-81f9-dad05881076b/_wiki/wikis?pageID=81873,/Office365 Identity/ADFS/Modern_Authentication_Traffic_Flow,https://supportability.visualstudio.com/11be99a2-2d90-4011-81f9-dad05881076b/_apis/wiki/wikis/0018a240-b8e6-47d2-a0ab-748455db5cc9/pages/%2FOffice365%20Identity%2FADFS%2FModern_Authentication_Traffic_Flow,/WikiContent/Office365-Identity/ADFS/Modern_Authentication_Traffic_Flow.md,,
81874,https://supportability.visualstudio.com/11be99a2-2d90-4011-81f9-dad05881076b/_wiki/wikis?pageID=81874,/Office365 Identity/Authentication and Authorization Concepts/DC Locator and Trusts,https://supportability.visualstudio.com/11be99a2-2d90-4011-81f9-dad05881076b/_apis/wiki/wikis/0018a240-b8e6-47d2-a0ab-748455db5cc9/pages/%2FOffice365%20Identity%2FAuthentication%20and%20Authorization%20Concepts%2FDC%20Locator%20and%20Trusts,/WikiContent/Office365-Identity/Authentication-and-Authorization-Concepts/DC-Locator-and-Trusts.md,,
81876,https://supportability.visualstudio.com/11be99a2-2d90-4011-81f9-dad05881076b/_wiki/wikis?pageID=81876,/Office365 Identity/Authentication and Authorization Concepts/Windows AuthTracingRepro Script,https://supportability.visualstudio.com/11be99a2-2d90-4011-81f9-dad05881076b/_apis/wiki/wikis/0018a240-b8e6-47d2-a0ab-748455db5cc9/pages/%2FOffice365%20Identity%2FAuthentication%20and%20Authorization%20Concepts%2FWindows%20AuthTracingRepro%20Script,/WikiContent/Office365-Identity/Authentication-and-Authorization-Concepts/Windows-AuthTracingRepro-Script.md,,
81877,https://supportability.visualstudio.com/11be99a2-2d90-4011-81f9-dad05881076b/_wiki/wikis?pageID=81877,/Office365 Identity/Authentication and Authorization Concepts/Windows Kerberos Errors,https://supportability.visualstudio.com/11be99a2-2d90-4011-81f9-dad05881076b/_apis/wiki/wikis/0018a240-b8e6-47d2-a0ab-748455db5cc9/pages/%2FOffice365%20Identity%2FAuthentication%20and%20Authorization%20Concepts%2FWindows%20Kerberos%20Errors,/WikiContent/Office365-Identity/Authentication-and-Authorization-Concepts/Windows-Kerberos-Errors.md,,
81878,https://supportability.visualstudio.com/11be99a2-2d90-4011-81f9-dad05881076b/_wiki/wikis?pageID=81878,/Office365 Identity/Authentication and Authorization Workflows/Windows Kerberos,https://supportability.visualstudio.com/11be99a2-2d90-4011-81f9-dad05881076b/_apis/wiki/wikis/0018a240-b8e6-47d2-a0ab-748455db5cc9/pages/%2FOffice365%20Identity%2FAuthentication%20and%20Authorization%20Workflows%2FWindows%20Kerberos,/WikiContent/Office365-Identity/Authentication-and-Authorization-Workflows/Windows-Kerberos.md,,
81879,https://supportability.visualstudio.com/11be99a2-2d90-4011-81f9-dad05881076b/_wiki/wikis?pageID=81879,/Office365 Identity/Authentication and Authorization Workflows/Windows Secure Channel,https://supportability.visualstudio.com/11be99a2-2d90-4011-81f9-dad05881076b/_apis/wiki/wikis/0018a240-b8e6-47d2-a0ab-748455db5cc9/pages/%2FOffice365%20Identity%2FAuthentication%20and%20Authorization%20Workflows%2FWindows%20Secure%20Channel,/WikiContent/Office365-Identity/Authentication-and-Authorization-Workflows/Windows-Secure-Channel.md,,
81880,https://supportability.visualstudio.com/11be99a2-2d90-4011-81f9-dad05881076b/_wiki/wikis?pageID=81880,/Office365 Identity/Authentication and Authorization Workflows/Windows TLS,https://supportability.visualstudio.com/11be99a2-2d90-4011-81f9-dad05881076b/_apis/wiki/wikis/0018a240-b8e6-47d2-a0ab-748455db5cc9/pages/%2FOffice365%20Identity%2FAuthentication%20and%20Authorization%20Workflows%2FWindows%20TLS,/WikiContent/Office365-Identity/Authentication-and-Authorization-Workflows/Windows-TLS.md,,
81881,https://supportability.visualstudio.com/11be99a2-2d90-4011-81f9-dad05881076b/_wiki/wikis?pageID=81881,/Office365 Identity/DirSync Concepts/Capturing Directory Synchronization with Fiddler,https://supportability.visualstudio.com/11be99a2-2d90-4011-81f9-dad05881076b/_apis/wiki/wikis/0018a240-b8e6-47d2-a0ab-748455db5cc9/pages/%2FOffice365%20Identity%2FDirSync%20Concepts%2FCapturing%20Directory%20Synchronization%20with%20Fiddler,/WikiContent/Office365-Identity/DirSync-Concepts/Capturing-Directory-Synchronization-with-Fiddler.md,,
81882,https://supportability.visualstudio.com/11be99a2-2d90-4011-81f9-dad05881076b/_wiki/wikis?pageID=81882,/Office365 Identity/DirSync Concepts/DirSync Attribute Sync Rule Reference,https://supportability.visualstudio.com/11be99a2-2d90-4011-81f9-dad05881076b/_apis/wiki/wikis/0018a240-b8e6-47d2-a0ab-748455db5cc9/pages/%2FOffice365%20Identity%2FDirSync%20Concepts%2FDirSync%20Attribute%20Sync%20Rule%20Reference,/WikiContent/Office365-Identity/DirSync-Concepts/DirSync-Attribute-Sync-Rule-Reference.md,,
81883,https://supportability.visualstudio.com/11be99a2-2d90-4011-81f9-dad05881076b/_wiki/wikis?pageID=81883,/Office365 Identity/DirSync Concepts/DirSync Operations OnPrem Mailbox,https://supportability.visualstudio.com/11be99a2-2d90-4011-81f9-dad05881076b/_apis/wiki/wikis/0018a240-b8e6-47d2-a0ab-748455db5cc9/pages/%2FOffice365%20Identity%2FDirSync%20Concepts%2FDirSync%20Operations%20OnPrem%20Mailbox,/WikiContent/Office365-Identity/DirSync-Concepts/DirSync-Operations-OnPrem-Mailbox.md,,
81884,https://supportability.visualstudio.com/11be99a2-2d90-4011-81f9-dad05881076b/_wiki/wikis?pageID=81884,/Office365 Identity/DirSync Concepts/DirSync Procedure Connector Space Search,https://supportability.visualstudio.com/11be99a2-2d90-4011-81f9-dad05881076b/_apis/wiki/wikis/0018a240-b8e6-47d2-a0ab-748455db5cc9/pages/%2FOffice365%20Identity%2FDirSync%20Concepts%2FDirSync%20Procedure%20Connector%20Space%20Search,/WikiContent/Office365-Identity/DirSync-Concepts/DirSync-Procedure-Connector-Space-Search.md,,
81885,https://supportability.visualstudio.com/11be99a2-2d90-4011-81f9-dad05881076b/_wiki/wikis?pageID=81885,/Office365 Identity/DirSync Concepts/DirSync Procedure Generate Preview,https://supportability.visualstudio.com/11be99a2-2d90-4011-81f9-dad05881076b/_apis/wiki/wikis/0018a240-b8e6-47d2-a0ab-748455db5cc9/pages/%2FOffice365%20Identity%2FDirSync%20Concepts%2FDirSync%20Procedure%20Generate%20Preview,/WikiContent/Office365-Identity/DirSync-Concepts/DirSync-Procedure-Generate-Preview.md,,
81886,https://supportability.visualstudio.com/11be99a2-2d90-4011-81f9-dad05881076b/_wiki/wikis?pageID=81886,/Office365 Identity/DirSync Concepts/DirSync Procedure Metaverse Search,https://supportability.visualstudio.com/11be99a2-2d90-4011-81f9-dad05881076b/_apis/wiki/wikis/0018a240-b8e6-47d2-a0ab-748455db5cc9/pages/%2FOffice365%20Identity%2FDirSync%20Concepts%2FDirSync%20Procedure%20Metaverse%20Search,/WikiContent/Office365-Identity/DirSync-Concepts/DirSync-Procedure-Metaverse-Search.md,,
81887,https://supportability.visualstudio.com/11be99a2-2d90-4011-81f9-dad05881076b/_wiki/wikis?pageID=81887,/Office365 Identity/DirSync Concepts/DirSync Procedure Trigger Run Profiles,https://supportability.visualstudio.com/11be99a2-2d90-4011-81f9-dad05881076b/_apis/wiki/wikis/0018a240-b8e6-47d2-a0ab-748455db5cc9/pages/%2FOffice365%20Identity%2FDirSync%20Concepts%2FDirSync%20Procedure%20Trigger%20Run%20Profiles,/WikiContent/Office365-Identity/DirSync-Concepts/DirSync-Procedure-Trigger-Run-Profiles.md,,
81888,https://supportability.visualstudio.com/11be99a2-2d90-4011-81f9-dad05881076b/_wiki/wikis?pageID=81888,/Office365 Identity/DirSync Concepts/Directory Synchronization Concepts,https://supportability.visualstudio.com/11be99a2-2d90-4011-81f9-dad05881076b/_apis/wiki/wikis/0018a240-b8e6-47d2-a0ab-748455db5cc9/pages/%2FOffice365%20Identity%2FDirSync%20Concepts%2FDirectory%20Synchronization%20Concepts,/WikiContent/Office365-Identity/DirSync-Concepts/Directory-Synchronization-Concepts.md,,
81889,https://supportability.visualstudio.com/11be99a2-2d90-4011-81f9-dad05881076b/_wiki/wikis?pageID=81889,/Office365 Identity/DirSync Concepts/Dirsync Issues,https://supportability.visualstudio.com/11be99a2-2d90-4011-81f9-dad05881076b/_apis/wiki/wikis/0018a240-b8e6-47d2-a0ab-748455db5cc9/pages/%2FOffice365%20Identity%2FDirSync%20Concepts%2FDirsync%20Issues,/WikiContent/Office365-Identity/DirSync-Concepts/Dirsync-Issues.md,,
81890,https://supportability.visualstudio.com/11be99a2-2d90-4011-81f9-dad05881076b/_wiki/wikis?pageID=81890,/Office365 Identity/DirSync Concepts/Force Password Synchronization,https://supportability.visualstudio.com/11be99a2-2d90-4011-81f9-dad05881076b/_apis/wiki/wikis/0018a240-b8e6-47d2-a0ab-748455db5cc9/pages/%2FOffice365%20Identity%2FDirSync%20Concepts%2FForce%20Password%20Synchronization,/WikiContent/Office365-Identity/DirSync-Concepts/Force-Password-Synchronization.md,,
81891,https://supportability.visualstudio.com/11be99a2-2d90-4011-81f9-dad05881076b/_wiki/wikis?pageID=81891,/Office365 Identity/DirSync Concepts/Force Synchronization,https://supportability.visualstudio.com/11be99a2-2d90-4011-81f9-dad05881076b/_apis/wiki/wikis/0018a240-b8e6-47d2-a0ab-748455db5cc9/pages/%2FOffice365%20Identity%2FDirSync%20Concepts%2FForce%20Synchronization,/WikiContent/Office365-Identity/DirSync-Concepts/Force-Synchronization.md,,
81892,https://supportability.visualstudio.com/11be99a2-2d90-4011-81f9-dad05881076b/_wiki/wikis?pageID=81892,/Office365 Identity/DirSync Concepts/Recipient Provisioning with DirSync,https://supportability.visualstudio.com/11be99a2-2d90-4011-81f9-dad05881076b/_apis/wiki/wikis/0018a240-b8e6-47d2-a0ab-748455db5cc9/pages/%2FOffice365%20Identity%2FDirSync%20Concepts%2FRecipient%20Provisioning%20with%20DirSync,/WikiContent/Office365-Identity/DirSync-Concepts/Recipient-Provisioning-with-DirSync.md,,
81893,https://supportability.visualstudio.com/11be99a2-2d90-4011-81f9-dad05881076b/_wiki/wikis?pageID=81893,/Office365 Identity/DirSync Concepts/Troubleshooting Account Changes in DirSync,https://supportability.visualstudio.com/11be99a2-2d90-4011-81f9-dad05881076b/_apis/wiki/wikis/0018a240-b8e6-47d2-a0ab-748455db5cc9/pages/%2FOffice365%20Identity%2FDirSync%20Concepts%2FTroubleshooting%20Account%20Changes%20in%20DirSync,/WikiContent/Office365-Identity/DirSync-Concepts/Troubleshooting-Account-Changes-in-DirSync.md,,
635844,https://supportability.visualstudio.com/11be99a2-2d90-4011-81f9-dad05881076b/_wiki/wikis?pageID=635844,/Office365 Identity/WAM/WAM Log Collection,https://supportability.visualstudio.com/11be99a2-2d90-4011-81f9-dad05881076b/_apis/wiki/wikis/0018a240-b8e6-47d2-a0ab-748455db5cc9/pages/%2FOffice365%20Identity%2FWAM%2FWAM%20Log%20Collection,/WikiContent/Office365-Identity/WAM/WAM-Log-Collection.md,,
766409,https://supportability.visualstudio.com/11be99a2-2d90-4011-81f9-dad05881076b/_wiki/wikis?pageID=766409,/Office365 Identity/Welcome To M365 Identity/First Day/Connect with your mentor,https://supportability.visualstudio.com/11be99a2-2d90-4011-81f9-dad05881076b/_apis/wiki/wikis/0018a240-b8e6-47d2-a0ab-748455db5cc9/pages/%2FOffice365%20Identity%2FWelcome%20To%20M365%20Identity%2FFirst%20Day%2FConnect%20with%20your%20mentor,/WikiContent/Office365-Identity/Welcome-To-M365-Identity/First-Day/Connect-with-your-mentor.md,,
766410,https://supportability.visualstudio.com/11be99a2-2d90-4011-81f9-dad05881076b/_wiki/wikis?pageID=766410,/Office365 Identity/Welcome To M365 Identity/First Day/Css process skill training,https://supportability.visualstudio.com/11be99a2-2d90-4011-81f9-dad05881076b/_apis/wiki/wikis/0018a240-b8e6-47d2-a0ab-748455db5cc9/pages/%2FOffice365%20Identity%2FWelcome%20To%20M365%20Identity%2FFirst%20Day%2FCss%20process%20skill%20training,/WikiContent/Office365-Identity/Welcome-To-M365-Identity/First-Day/Css-process-skill-training.md,,
766411,https://supportability.visualstudio.com/11be99a2-2d90-4011-81f9-dad05881076b/_wiki/wikis?pageID=766411,/Office365 Identity/Welcome To M365 Identity/First Day/Prepare your first day,https://supportability.visualstudio.com/11be99a2-2d90-4011-81f9-dad05881076b/_apis/wiki/wikis/0018a240-b8e6-47d2-a0ab-748455db5cc9/pages/%2FOffice365%20Identity%2FWelcome%20To%20M365%20Identity%2FFirst%20Day%2FPrepare%20your%20first%20day,/WikiContent/Office365-Identity/Welcome-To-M365-Identity/First-Day/Prepare-your-first-day.md,,
766412,https://supportability.visualstudio.com/11be99a2-2d90-4011-81f9-dad05881076b/_wiki/wikis?pageID=766412,/Office365 Identity/Welcome To M365 Identity/Module1/Core_AAD,https://supportability.visualstudio.com/11be99a2-2d90-4011-81f9-dad05881076b/_apis/wiki/wikis/0018a240-b8e6-47d2-a0ab-748455db5cc9/pages/%2FOffice365%20Identity%2FWelcome%20To%20M365%20Identity%2FModule1%2FCore_AAD,/WikiContent/Office365-Identity/Welcome-To-M365-Identity/Module1/Core_AAD.md,,
766413,https://supportability.visualstudio.com/11be99a2-2d90-4011-81f9-dad05881076b/_wiki/wikis?pageID=766413,/Office365 Identity/Welcome To M365 Identity/Module10/ConditionalAccess,https://supportability.visualstudio.com/11be99a2-2d90-4011-81f9-dad05881076b/_apis/wiki/wikis/0018a240-b8e6-47d2-a0ab-748455db5cc9/pages/%2FOffice365%20Identity%2FWelcome%20To%20M365%20Identity%2FModule10%2FConditionalAccess,/WikiContent/Office365-Identity/Welcome-To-M365-Identity/Module10/ConditionalAccess.md,,
766414,https://supportability.visualstudio.com/11be99a2-2d90-4011-81f9-dad05881076b/_wiki/wikis?pageID=766414,/Office365 Identity/Welcome To M365 Identity/Module2/managing directory resources,https://supportability.visualstudio.com/11be99a2-2d90-4011-81f9-dad05881076b/_apis/wiki/wikis/0018a240-b8e6-47d2-a0ab-748455db5cc9/pages/%2FOffice365%20Identity%2FWelcome%20To%20M365%20Identity%2FModule2%2Fmanaging%20directory%20resources,/WikiContent/Office365-Identity/Welcome-To-M365-Identity/Module2/managing-directory-resources.md,,
766415,https://supportability.visualstudio.com/11be99a2-2d90-4011-81f9-dad05881076b/_wiki/wikis?pageID=766415,/Office365 Identity/Welcome To M365 Identity/Module3/domain management,https://supportability.visualstudio.com/11be99a2-2d90-4011-81f9-dad05881076b/_apis/wiki/wikis/0018a240-b8e6-47d2-a0ab-748455db5cc9/pages/%2FOffice365%20Identity%2FWelcome%20To%20M365%20Identity%2FModule3%2Fdomain%20management,/WikiContent/Office365-Identity/Welcome-To-M365-Identity/Module3/domain-management.md,,
766416,https://supportability.visualstudio.com/11be99a2-2d90-4011-81f9-dad05881076b/_wiki/wikis?pageID=766416,/Office365 Identity/Welcome To M365 Identity/Module4/licensing,https://supportability.visualstudio.com/11be99a2-2d90-4011-81f9-dad05881076b/_apis/wiki/wikis/0018a240-b8e6-47d2-a0ab-748455db5cc9/pages/%2FOffice365%20Identity%2FWelcome%20To%20M365%20Identity%2FModule4%2Flicensing,/WikiContent/Office365-Identity/Welcome-To-M365-Identity/Module4/licensing.md,,
766417,https://supportability.visualstudio.com/11be99a2-2d90-4011-81f9-dad05881076b/_wiki/wikis?pageID=766417,/Office365 Identity/Welcome To M365 Identity/Module5/Password_Management_AAD,https://supportability.visualstudio.com/11be99a2-2d90-4011-81f9-dad05881076b/_apis/wiki/wikis/0018a240-b8e6-47d2-a0ab-748455db5cc9/pages/%2FOffice365%20Identity%2FWelcome%20To%20M365%20Identity%2FModule5%2FPassword_Management_AAD,/WikiContent/Office365-Identity/Welcome-To-M365-Identity/Module5/Password_Management_AAD.md,,
766418,https://supportability.visualstudio.com/11be99a2-2d90-4011-81f9-dad05881076b/_wiki/wikis?pageID=766418,/Office365 Identity/Welcome To M365 Identity/Module6/O365 Admin Portal features,https://supportability.visualstudio.com/11be99a2-2d90-4011-81f9-dad05881076b/_apis/wiki/wikis/0018a240-b8e6-47d2-a0ab-748455db5cc9/pages/%2FOffice365%20Identity%2FWelcome%20To%20M365%20Identity%2FModule6%2FO365%20Admin%20Portal%20features,/WikiContent/Office365-Identity/Welcome-To-M365-Identity/Module6/O365-Admin-Portal-features.md,,
766419,https://supportability.visualstudio.com/11be99a2-2d90-4011-81f9-dad05881076b/_wiki/wikis?pageID=766419,/Office365 Identity/Welcome To M365 Identity/Module7/Adoption Score Usage,https://supportability.visualstudio.com/11be99a2-2d90-4011-81f9-dad05881076b/_apis/wiki/wikis/0018a240-b8e6-47d2-a0ab-748455db5cc9/pages/%2FOffice365%20Identity%2FWelcome%20To%20M365%20Identity%2FModule7%2FAdoption%20Score%20Usage,/WikiContent/Office365-Identity/Welcome-To-M365-Identity/Module7/Adoption-Score-Usage.md,,
766420,https://supportability.visualstudio.com/11be99a2-2d90-4011-81f9-dad05881076b/_wiki/wikis?pageID=766420,/Office365 Identity/Welcome To M365 Identity/Module8/Compromised Accounts,https://supportability.visualstudio.com/11be99a2-2d90-4011-81f9-dad05881076b/_apis/wiki/wikis/0018a240-b8e6-47d2-a0ab-748455db5cc9/pages/%2FOffice365%20Identity%2FWelcome%20To%20M365%20Identity%2FModule8%2FCompromised%20Accounts,/WikiContent/Office365-Identity/Welcome-To-M365-Identity/Module8/Compromised-Accounts.md,,
766421,https://supportability.visualstudio.com/11be99a2-2d90-4011-81f9-dad05881076b/_wiki/wikis?pageID=766421,/Office365 Identity/Welcome To M365 Identity/Module9/Synchronizing Identities AAD,https://supportability.visualstudio.com/11be99a2-2d90-4011-81f9-dad05881076b/_apis/wiki/wikis/0018a240-b8e6-47d2-a0ab-748455db5cc9/pages/%2FOffice365%20Identity%2FWelcome%20To%20M365%20Identity%2FModule9%2FSynchronizing%20Identities%20AAD,/WikiContent/Office365-Identity/Welcome-To-M365-Identity/Module9/Synchronizing-Identities-AAD.md,,
766422,https://supportability.visualstudio.com/11be99a2-2d90-4011-81f9-dad05881076b/_wiki/wikis?pageID=766422,/Office365 Identity/Welcome To M365 Identity/Your first week/Create test environnement,https://supportability.visualstudio.com/11be99a2-2d90-4011-81f9-dad05881076b/_apis/wiki/wikis/0018a240-b8e6-47d2-a0ab-748455db5cc9/pages/%2FOffice365%20Identity%2FWelcome%20To%20M365%20Identity%2FYour%20first%20week%2FCreate%20test%20environnement,/WikiContent/Office365-Identity/Welcome-To-M365-Identity/Your-first-week/Create-test-environnement.md,,
766423,https://supportability.visualstudio.com/11be99a2-2d90-4011-81f9-dad05881076b/_wiki/wikis?pageID=766423,/Office365 Identity/Welcome To M365 Identity/Your first week/Request OneCloud account,https://supportability.visualstudio.com/11be99a2-2d90-4011-81f9-dad05881076b/_apis/wiki/wikis/0018a240-b8e6-47d2-a0ab-748455db5cc9/pages/%2FOffice365%20Identity%2FWelcome%20To%20M365%20Identity%2FYour%20first%20week%2FRequest%20OneCloud%20account,/WikiContent/Office365-Identity/Welcome-To-M365-Identity/Your-first-week/Request-OneCloud-account.md,,
766424,https://supportability.visualstudio.com/11be99a2-2d90-4011-81f9-dad05881076b/_wiki/wikis?pageID=766424,/Office365 Identity/Welcome To M365 Identity/Your first week/Request access to Visual Studio,https://supportability.visualstudio.com/11be99a2-2d90-4011-81f9-dad05881076b/_apis/wiki/wikis/0018a240-b8e6-47d2-a0ab-748455db5cc9/pages/%2FOffice365%20Identity%2FWelcome%20To%20M365%20Identity%2FYour%20first%20week%2FRequest%20access%20to%20Visual%20Studio,/WikiContent/Office365-Identity/Welcome-To-M365-Identity/Your-first-week/Request-access-to-Visual-Studio.md,,
766425,https://supportability.visualstudio.com/11be99a2-2d90-4011-81f9-dad05881076b/_wiki/wikis?pageID=766425,/Office365 Identity/Welcome To M365 Identity/Your first week/Tools,https://supportability.visualstudio.com/11be99a2-2d90-4011-81f9-dad05881076b/_apis/wiki/wikis/0018a240-b8e6-47d2-a0ab-748455db5cc9/pages/%2FOffice365%20Identity%2FWelcome%20To%20M365%20Identity%2FYour%20first%20week%2FTools,/WikiContent/Office365-Identity/Welcome-To-M365-Identity/Your-first-week/Tools.md,,
